{
  "env": "default",
  "publicPath": "localhost:8080",
  "host": "localhost",
  "port": "8080",
  "jsSourcePath": "src/js",
  "s3Deploy": false,
  "s3": {
    "bucket": "if-any",
    "defaultCDNBase": "if-any"
  },
  "optimization": {
    "commonMinCount": 3,
    "cssExclusion": true,
    "analyzeMode": false,
    "analyze": {
      "port": 8888
    }
  },
  "html": [
    {
			"name": "homepage",
      "title": "Everything is Awesome",
      "template": "_default.html",
      "filename": "index.html"
    }
  ],
  "app": {
    "description": "config inside 'app' will be injected to your frontend code automatically"
  }
}
